index , time               , close   , open    , high    , low     , volume
     0, 2019-04-08 22:06:45,   111.37,  111.366,   111.37,  111.366,      2
     1, 2019-04-08 22:07:20,  111.364,  111.366,  111.366,  111.364,      2
     2, 2019-04-08 22:07:25,  111.365,  111.367,  111.367,  111.365,      2
     3, 2019-04-08 22:07:35,  111.362,  111.362,  111.362,  111.362,      1
     4, 2019-04-08 22:07:50,  111.372,  111.365,  111.372,  111.365,      4
     5, 2019-04-08 22:08:10,  111.374,  111.374,  111.374,  111.374,      1
     6, 2019-04-08 22:09:10,  111.377,  111.377,  111.377,  111.377,      1
     7, 2019-04-08 22:09:20,  111.379,  111.379,  111.379,  111.379,      1
     8, 2019-04-08 22:09:30,  111.377,  111.377,  111.377,  111.377,      1
     9, 2019-04-08 22:09:55,  111.374,  111.374,  111.374,  111.374,      1
    10, 2019-04-08 22:10:00,  111.372,  111.372,  111.372,  111.372,      1
    11, 2019-04-08 22:10:10,  111.369,  111.369,  111.369,  111.369,      1
    12, 2019-04-08 22:10:20,  111.374,  111.372,  111.374,  111.372,      2
    13, 2019-04-08 22:10:25,  111.382,  111.376,  111.382,  111.376,      3
    14, 2019-04-08 22:10:35,  111.382,  111.384,  111.384,  111.382,      2
    15, 2019-04-08 22:10:55,  111.384,  111.384,  111.384,  111.384,      1
    16, 2019-04-08 22:11:05,  111.389,  111.386,  111.389,  111.386,      2
    17, 2019-04-08 22:11:25,  111.384,  111.386,  111.386,  111.384,      2
    18, 2019-04-08 22:11:50,  111.378,  111.382,  111.382,  111.378,      2
    19, 2019-04-08 22:11:55,   111.38,  111.381,  111.381,  111.378,      3
    20, 2019-04-08 22:12:05,  111.383,  111.383,  111.383,  111.383,      1
    21, 2019-04-08 22:12:10,  111.375,   111.38,   111.38,  111.375,      3
    22, 2019-04-08 22:12:35,   111.37,  111.372,  111.372,   111.37,      2
    23, 2019-04-08 22:12:50,  111.366,  111.368,  111.368,  111.366,      2
    24, 2019-04-08 22:12:55,  111.363,  111.363,  111.363,  111.363,      1
    25, 2019-04-08 22:13:10,  111.358,   111.36,   111.36,  111.358,      2
    26, 2019-04-08 22:13:15,  111.356,  111.356,  111.356,  111.356,      1
    27, 2019-04-08 22:13:25,  111.358,  111.358,  111.358,  111.358,      1
    28, 2019-04-08 22:13:45,  111.368,   111.36,  111.368,   111.36,      4
    29, 2019-04-08 22:13:55,  111.366,  111.366,  111.366,  111.366,      1
    30, 2019-04-08 22:14:00,  111.363,  111.363,  111.363,  111.363,      1
    31, 2019-04-08 22:14:20,  111.368,  111.366,  111.368,  111.366,      2
    32, 2019-04-08 22:14:25,   111.37,   111.37,   111.37,   111.37,      1
    33, 2019-04-08 22:14:30,  111.365,  111.368,  111.368,  111.365,      2
    34, 2019-04-08 22:14:35,  111.368,  111.363,  111.368,  111.363,      3
    35, 2019-04-08 22:14:40,  111.366,  111.366,  111.366,  111.366,      1
    36, 2019-04-08 22:14:45,  111.368,  111.368,  111.368,  111.368,      1
    37, 2019-04-08 22:14:50,  111.363,  111.366,  111.366,  111.363,      2
    38, 2019-04-08 22:14:55,  111.357,   111.36,   111.36,  111.357,      2
    39, 2019-04-08 22:15:05,  111.354,  111.354,  111.354,  111.354,      1
    40, 2019-04-08 22:15:10,   111.35,  111.352,  111.352,   111.35,      2
    41, 2019-04-08 22:15:25,   111.35,  111.347,   111.35,  111.347,      2
    42, 2019-04-08 22:15:30,  111.349,  111.348,  111.349,  111.344,      4
    43, 2019-04-08 22:15:40,  111.352,  111.352,  111.352,  111.348,      5
    44, 2019-04-08 22:15:50,  111.354,  111.354,  111.354,  111.354,      1
    45, 2019-04-08 22:15:55,  111.357,  111.357,  111.357,  111.357,      1
    46, 2019-04-08 22:16:00,  111.362,  111.359,  111.362,  111.359,      2
    47, 2019-04-08 22:16:20,   111.36,  111.359,   111.36,  111.356,      5
    48, 2019-04-08 22:16:25,  111.362,  111.362,  111.362,  111.362,      1
    49, 2019-04-08 22:16:45,  111.366,  111.364,  111.366,  111.364,      2
    50, 2019-04-08 22:17:05,  111.362,  111.364,  111.364,  111.362,      2
    51, 2019-04-08 22:17:10,  111.364,  111.364,  111.364,  111.364,      1
    52, 2019-04-08 22:17:15,  111.368,  111.367,   111.37,  111.367,      3
    53, 2019-04-08 22:17:20,   111.36,  111.365,  111.365,   111.36,      3
    54, 2019-04-08 22:17:25,  111.362,  111.362,  111.362,  111.362,      1
    55, 2019-04-08 22:17:30,   111.36,  111.365,  111.365,   111.36,      3
    56, 2019-04-08 22:17:40,  111.366,  111.363,  111.366,  111.363,      2
    57, 2019-04-08 22:18:05,  111.368,  111.368,  111.368,  111.368,      1
    58, 2019-04-08 22:18:10,   111.37,  111.366,   111.37,  111.366,      3
    59, 2019-04-08 22:18:15,   111.37,  111.368,   111.37,  111.368,      2
    60, 2019-04-08 22:18:20,  111.368,  111.368,  111.368,  111.368,      1
    61, 2019-04-08 22:18:25,  111.365,  111.365,  111.365,  111.365,      1
    62, 2019-04-08 22:18:30,  111.367,  111.367,  111.367,  111.367,      1
    63, 2019-04-08 22:18:40,  111.365,  111.365,  111.365,  111.365,      1
    64, 2019-04-08 22:19:00,   111.36,  111.362,  111.362,   111.36,      2
    65, 2019-04-08 22:19:05,  111.362,  111.362,  111.362,  111.362,      1
    66, 2019-04-08 22:19:15,   111.36,   111.36,   111.36,   111.36,      1
    67, 2019-04-08 22:19:20,  111.359,  111.362,  111.362,  111.359,      2
    68, 2019-04-08 22:19:30,  111.354,  111.356,  111.356,  111.354,      2
    69, 2019-04-08 22:19:45,   111.35,   111.35,   111.35,  111.348,      3
    70, 2019-04-08 22:19:50,  111.353,  111.353,  111.353,  111.353,      1
    71, 2019-04-08 22:19:55,  111.354,  111.356,  111.356,  111.354,      2
    72, 2019-04-08 22:20:10,  111.358,  111.356,  111.358,  111.356,      2
    73, 2019-04-08 22:20:20,  111.354,  111.356,  111.356,  111.354,      2
    74, 2019-04-08 22:20:40,  111.353,  111.356,  111.356,  111.353,      2
    75, 2019-04-08 22:20:45,   111.35,   111.35,   111.35,   111.35,      1
    76, 2019-04-08 22:20:55,  111.348,  111.348,  111.348,  111.348,      1
    77, 2019-04-08 22:21:00,  111.355,   111.35,  111.355,   111.35,      3
    78, 2019-04-08 22:21:20,  111.352,  111.352,  111.352,  111.352,      1
    79, 2019-04-08 22:21:25,   111.35,   111.35,   111.35,   111.35,      1
    80, 2019-04-08 22:21:30,  111.347,  111.347,  111.347,  111.347,      1
    81, 2019-04-08 22:21:35,   111.35,   111.35,  111.352,   111.35,      3
    82, 2019-04-08 22:21:40,  111.348,  111.348,  111.348,  111.348,      1
    83, 2019-04-08 22:21:55,  111.343,  111.345,  111.346,  111.343,      4
    84, 2019-04-08 22:22:00,   111.34,   111.34,   111.34,   111.34,      1
    85, 2019-04-08 22:22:05,  111.343,  111.343,  111.343,  111.343,      1
    86, 2019-04-08 22:22:10,  111.341,  111.341,  111.341,  111.338,      3
    87, 2019-04-08 22:22:15,   111.33,  111.338,  111.338,   111.33,      6
    88, 2019-04-08 22:22:20,   111.32,  111.328,  111.328,   111.32,      4
    89, 2019-04-08 22:22:25,  111.324,  111.324,  111.326,  111.324,      3
    90, 2019-04-08 22:22:30,   111.33,  111.326,   111.33,  111.326,      3
    91, 2019-04-08 22:22:35,  111.331,  111.333,  111.333,  111.331,      2
    92, 2019-04-08 22:22:40,  111.328,  111.333,  111.333,  111.328,      3
    93, 2019-04-08 22:22:45,  111.331,  111.331,  111.331,  111.331,      1
    94, 2019-04-08 22:22:50,  111.329,  111.329,  111.329,  111.329,      1
    95, 2019-04-08 22:22:55,  111.323,  111.326,  111.326,  111.323,      2
    96, 2019-04-08 22:23:00,   111.33,  111.326,   111.33,  111.326,      3
    97, 2019-04-08 22:23:10,   111.33,  111.333,  111.333,   111.33,      2
    98, 2019-04-08 22:23:15,  111.328,  111.328,   111.33,  111.328,      3
    99, 2019-04-08 22:23:20,   111.32,  111.326,  111.326,   111.32,      3
   100, 2019-04-08 22:23:30,  111.318,  111.324,  111.326,  111.318,      5
   101, 2019-04-08 22:23:35,  111.324,  111.321,  111.326,  111.321,      4
   102, 2019-04-08 22:23:40,  111.318,  111.326,  111.326,  111.318,      4
   103, 2019-04-08 22:23:45,   111.32,   111.32,   111.32,   111.32,      1
   104, 2019-04-08 22:23:50,  111.318,  111.318,  111.318,  111.318,      1
   105, 2019-04-08 22:23:55,  111.316,  111.316,  111.316,  111.316,      1
   106, 2019-04-08 22:24:00,  111.318,  111.318,  111.318,  111.318,      1
   107, 2019-04-08 22:24:20,  111.316,  111.316,  111.316,  111.316,      1
   108, 2019-04-08 22:24:25,  111.313,  111.318,  111.318,  111.313,      3
   109, 2019-04-08 22:24:30,  111.312,   111.31,  111.312,   111.31,      2
   110, 2019-04-08 22:24:35,  111.315,  111.314,  111.315,  111.312,      3
   111, 2019-04-08 22:24:40,  111.318,  111.318,  111.318,  111.318,      1
   112, 2019-04-08 22:24:45,  111.318,  111.315,  111.318,  111.315,      2
   113, 2019-04-08 22:25:20,  111.315,  111.315,  111.315,  111.315,      1
   114, 2019-04-08 22:25:25,  111.318,  111.312,  111.318,  111.312,      3
   115, 2019-04-08 22:25:45,  111.315,  111.315,  111.315,  111.315,      1
   116, 2019-04-08 22:25:50,   111.31,  111.312,  111.312,  111.308,      4
   117, 2019-04-08 22:26:05,   111.31,  111.308,   111.31,  111.308,      2
   118, 2019-04-08 22:26:25,  111.318,  111.314,  111.318,  111.314,      3
   119, 2019-04-08 22:26:40,  111.327,  111.322,  111.327,  111.322,      5
   120, 2019-04-08 22:26:50,  111.332,   111.33,  111.332,   111.33,      2
   121, 2019-04-08 22:26:55,  111.334,  111.334,  111.334,  111.334,      1
   122, 2019-04-08 22:27:00,   111.33,  111.332,  111.332,   111.33,      2
   123, 2019-04-08 22:27:25,  111.325,  111.328,  111.328,  111.325,      2
   124, 2019-04-08 22:27:35,  111.327,  111.328,   111.33,  111.327,      3
   125, 2019-04-08 22:27:40,  111.332,  111.329,  111.332,  111.329,      2
   126, 2019-04-08 22:27:50,   111.33,   111.33,   111.33,   111.33,      1
   127, 2019-04-08 22:28:00,  111.334,  111.332,  111.334,  111.332,      2
   128, 2019-04-08 22:28:10,   111.33,  111.332,  111.332,   111.33,      2
   129, 2019-04-08 22:28:20,  111.332,  111.332,  111.332,  111.332,      1
   130, 2019-04-08 22:28:25,   111.33,   111.33,   111.33,   111.33,      1
   131, 2019-04-08 22:28:30,  111.332,  111.332,  111.332,  111.332,      1
   132, 2019-04-08 22:28:40,  111.329,  111.334,  111.334,  111.329,      3
   133, 2019-04-08 22:28:45,  111.328,  111.326,  111.328,  111.326,      2
   134, 2019-04-08 22:28:55,  111.324,  111.326,  111.326,  111.324,      2
   135, 2019-04-08 22:29:00,  111.324,  111.326,  111.326,  111.324,      2
   136, 2019-04-08 22:29:05,   111.32,   111.32,   111.32,   111.32,      1
   137, 2019-04-08 22:29:10,  111.324,  111.324,  111.324,  111.324,      1
   138, 2019-04-08 22:29:15,  111.326,  111.326,  111.326,  111.326,      1
   139, 2019-04-08 22:29:25,  111.328,  111.328,  111.328,  111.328,      1
   140, 2019-04-08 22:29:45,  111.323,  111.326,  111.326,  111.323,      2
   141, 2019-04-08 22:29:50,   111.32,   111.32,   111.32,   111.32,      1
   142, 2019-04-08 22:29:55,  111.326,  111.324,  111.326,  111.324,      2
   143, 2019-04-08 22:30:00,  111.324,  111.324,  111.324,  111.324,      1
   144, 2019-04-08 22:30:05,   111.32,   111.32,   111.32,   111.32,      1
   145, 2019-04-08 22:30:10,   111.32,  111.318,   111.32,  111.318,      2
   146, 2019-04-08 22:30:20,  111.316,  111.318,  111.318,  111.316,      2
   147, 2019-04-08 22:30:25,  111.314,  111.312,  111.314,  111.312,      2
   148, 2019-04-08 22:30:30,  111.318,  111.317,   111.32,  111.317,      5
   149, 2019-04-08 22:30:45,   111.32,   111.32,   111.32,   111.32,      1
   150, 2019-04-08 22:30:55,  111.318,  111.318,  111.318,  111.318,      1
   151, 2019-04-08 22:31:00,   111.32,   111.32,   111.32,   111.32,      1
   152, 2019-04-08 22:31:25,   111.31,  111.318,  111.318,  111.308,      6
   153, 2019-04-08 22:31:35,  111.308,  111.308,  111.308,  111.308,      1
   154, 2019-04-08 22:31:40,  111.306,   111.31,   111.31,  111.306,      3
   155, 2019-04-08 22:31:55,  111.308,  111.308,  111.308,  111.308,      1
   156, 2019-04-08 22:32:05,  111.306,  111.306,  111.306,  111.306,      1
   157, 2019-04-08 22:32:20,  111.308,  111.308,  111.308,  111.308,      1
   158, 2019-04-08 22:32:25,  111.308,   111.31,   111.31,  111.308,      2
   159, 2019-04-08 22:32:30,  111.312,   111.31,  111.312,   111.31,      4
   160, 2019-04-08 22:32:35,  111.314,  111.314,  111.314,  111.312,      3
   161, 2019-04-08 22:32:40,  111.312,  111.312,  111.312,  111.312,      1
   162, 2019-04-08 22:32:50,  111.312,  111.314,  111.314,  111.312,      2
   163, 2019-04-08 22:32:55,  111.315,  111.315,  111.315,  111.315,      1
   164, 2019-04-08 22:33:00,  111.314,  111.312,  111.314,  111.312,      2
   165, 2019-04-08 22:33:05,  111.312,  111.312,  111.312,  111.312,      1
   166, 2019-04-08 22:33:10,  111.317,  111.315,  111.317,  111.315,      2
   167, 2019-04-08 22:33:15,  111.312,  111.315,  111.315,  111.312,      2
   168, 2019-04-08 22:33:20,   111.32,  111.315,   111.32,  111.315,      3
   169, 2019-04-08 22:33:25,  111.322,  111.318,  111.322,  111.318,      3
   170, 2019-04-08 22:33:30,  111.322,  111.324,  111.324,  111.322,      2
   171, 2019-04-08 22:33:35,  111.324,  111.324,  111.324,  111.322,      3
   172, 2019-04-08 22:33:50,  111.326,  111.326,  111.326,  111.326,      1
   173, 2019-04-08 22:33:55,  111.329,  111.329,  111.329,  111.329,      1
   174, 2019-04-08 22:34:00,  111.326,  111.326,  111.326,  111.326,      1
   175, 2019-04-08 22:34:05,  111.324,  111.324,  111.324,  111.322,      3
   176, 2019-04-08 22:34:15,  111.322,  111.322,  111.322,  111.322,      1
   177, 2019-04-08 22:34:25,   111.32,   111.32,   111.32,   111.32,      1
   178, 2019-04-08 22:34:30,  111.318,  111.318,  111.318,  111.318,      1
   179, 2019-04-08 22:34:45,  111.312,  111.314,  111.314,  111.312,      2
   180, 2019-04-08 22:34:50,  111.313,   111.31,  111.315,   111.31,      4
   181, 2019-04-08 22:34:55,  111.318,  111.316,  111.318,  111.316,      2
   182, 2019-04-08 22:35:00,  111.318,   111.32,   111.32,  111.318,      2
   183, 2019-04-08 22:35:05,  111.312,  111.315,  111.315,  111.312,      2
   184, 2019-04-08 22:35:10,  111.314,   111.31,  111.314,   111.31,      3
   185, 2019-04-08 22:35:15,  111.317,  111.317,  111.317,  111.317,      1
   186, 2019-04-08 22:35:25,   111.32,   111.32,   111.32,   111.32,      1
   187, 2019-04-08 22:35:40,  111.318,  111.318,  111.318,  111.318,      1
   188, 2019-04-08 22:35:50,   111.32,   111.32,   111.32,   111.32,      1
   189, 2019-04-08 22:36:10,  111.325,  111.322,  111.325,  111.322,      2
   190, 2019-04-08 22:36:15,  111.323,  111.323,  111.325,  111.323,      3
   191, 2019-04-08 22:36:20,  111.325,  111.325,  111.325,  111.325,      1
   192, 2019-04-08 22:36:30,  111.323,  111.323,  111.323,  111.323,      1
   193, 2019-04-08 22:36:35,   111.32,   111.32,   111.32,   111.32,      1
   194, 2019-04-08 22:36:45,  111.314,  111.318,  111.318,  111.314,      2
   195, 2019-04-08 22:36:50,  111.314,  111.318,  111.318,  111.314,      2
   196, 2019-04-08 22:36:55,   111.32,  111.318,   111.32,  111.318,      2
   197, 2019-04-08 22:37:00,  111.318,  111.318,  111.318,  111.318,      1
   198, 2019-04-08 22:37:05,  111.322,   111.32,  111.322,   111.32,      2
   199, 2019-04-08 22:37:10,  111.323,  111.325,  111.325,  111.323,      2
   200, 2019-04-08 22:37:50,  111.318,   111.32,   111.32,  111.318,      2
   201, 2019-04-08 22:37:55,  111.313,  111.316,  111.316,  111.313,      2
   202, 2019-04-08 22:38:05,  111.318,  111.316,  111.318,  111.316,      2
   203, 2019-04-08 22:38:10,  111.313,  111.316,  111.316,  111.313,      2
   204, 2019-04-08 22:38:15,  111.316,  111.316,  111.316,  111.314,      3
   205, 2019-04-08 22:38:25,  111.312,  111.314,  111.314,  111.312,      2
   206, 2019-04-08 22:38:30,  111.312,  111.314,  111.314,  111.312,      2
   207, 2019-04-08 22:38:35,  111.314,  111.314,  111.314,  111.314,      1
   208, 2019-04-08 22:38:40,  111.312,  111.316,  111.316,  111.312,      3
   209, 2019-04-08 22:38:45,  111.316,  111.314,  111.316,  111.314,      2
   210, 2019-04-08 22:38:50,  111.319,  111.319,  111.319,  111.319,      1
   211, 2019-04-08 22:38:55,  111.306,  111.316,  111.316,  111.306,      5
   212, 2019-04-08 22:39:05,  111.306,  111.304,  111.308,  111.304,      4
   213, 2019-04-08 22:39:10,  111.314,  111.308,  111.316,  111.306,      7
   214, 2019-04-08 22:39:15,  111.318,  111.316,  111.318,  111.316,      2
   215, 2019-04-08 22:39:20,  111.316,  111.316,  111.316,  111.316,      1
   216, 2019-04-08 22:39:30,  111.318,  111.318,  111.318,  111.318,      1
   217, 2019-04-08 22:39:50,  111.316,  111.316,  111.316,  111.316,      1
   218, 2019-04-08 22:39:55,  111.312,  111.314,  111.314,  111.312,      2
   219, 2019-04-08 22:40:10,  111.309,  111.309,  111.309,  111.309,      1
   220, 2019-04-08 22:40:15,  111.312,  111.312,  111.312,  111.312,      1
   221, 2019-04-08 22:40:20,  111.309,  111.309,  111.309,  111.309,      1
   222, 2019-04-08 22:40:25,  111.312,  111.312,  111.312,  111.312,      1
   223, 2019-04-08 22:40:35,  111.309,  111.309,  111.309,  111.309,      1
   224, 2019-04-08 22:40:40,  111.309,  111.306,  111.309,  111.306,      2
   225, 2019-04-08 22:40:45,  111.311,  111.311,  111.311,  111.311,      1
   226, 2019-04-08 22:40:50,  111.316,  111.314,  111.316,  111.314,      2
   227, 2019-04-08 22:40:55,  111.318,  111.318,  111.321,  111.318,      3
   228, 2019-04-08 22:41:25,  111.314,  111.316,  111.316,  111.314,      2
   229, 2019-04-08 22:41:35,  111.318,  111.316,  111.318,  111.316,      2
   230, 2019-04-08 22:41:40,  111.326,  111.321,  111.326,  111.321,      3
   231, 2019-04-08 22:41:50,  111.323,  111.323,  111.323,  111.323,      1
   232, 2019-04-08 22:41:55,  111.322,   111.32,  111.322,  111.318,      4
   233, 2019-04-08 22:42:10,  111.324,  111.324,  111.324,  111.324,      1
   234, 2019-04-08 22:42:20,  111.322,  111.322,  111.322,  111.322,      1
   235, 2019-04-08 22:42:25,  111.324,  111.324,  111.324,  111.324,      1
   236, 2019-04-08 22:42:35,  111.322,  111.322,  111.322,  111.322,      1
   237, 2019-04-08 22:42:40,  111.322,  111.324,  111.324,  111.322,      2
   238, 2019-04-08 22:42:45,  111.324,  111.324,  111.324,  111.324,      1
   239, 2019-04-08 22:42:50,  111.322,  111.322,  111.322,  111.322,      1
   240, 2019-04-08 22:42:55,  111.324,  111.324,  111.324,  111.324,      1
   241, 2019-04-08 22:43:15,  111.322,  111.322,  111.322,  111.322,      1
   242, 2019-04-08 22:43:55,  111.324,  111.324,  111.324,  111.324,      1
   243, 2019-04-08 22:44:10,   111.33,  111.327,   111.33,  111.327,      2
   244, 2019-04-08 22:44:15,  111.332,  111.332,  111.332,  111.332,      1
   245, 2019-04-08 22:44:25,   111.33,   111.33,   111.33,   111.33,      1
   246, 2019-04-08 22:44:30,  111.325,  111.327,  111.327,  111.325,      2
   247, 2019-04-08 22:44:45,  111.328,  111.328,  111.328,  111.328,      1
   248, 2019-04-08 22:44:50,   111.33,   111.33,   111.33,   111.33,      1
   249, 2019-04-08 22:44:55,  111.325,  111.327,  111.327,  111.325,      2
   250, 2019-04-08 22:45:05,  111.324,  111.327,  111.327,  111.324,      2
   251, 2019-04-08 22:45:15,   111.32,  111.322,  111.322,   111.32,      2
   252, 2019-04-08 22:45:25,   111.32,  111.322,  111.324,   111.32,      4
   253, 2019-04-08 22:45:45,  111.317,  111.318,  111.318,  111.314,      3
   254, 2019-04-08 22:45:50,  111.315,  111.315,  111.315,  111.315,      1
   255, 2019-04-08 22:45:55,   111.32,  111.317,   111.32,  111.317,      2
   256, 2019-04-08 22:46:05,  111.318,  111.318,  111.318,  111.318,      1
   257, 2019-04-08 22:46:35,  111.322,   111.32,  111.322,   111.32,      2
   258, 2019-04-08 22:46:55,  111.325,  111.325,  111.325,  111.325,      1
   259, 2019-04-08 22:47:30,  111.323,  111.323,  111.323,  111.323,      1
   260, 2019-04-08 22:47:35,  111.325,  111.325,  111.325,  111.325,      1
   261, 2019-04-08 22:47:40,  111.323,  111.323,  111.323,  111.323,      1
   262, 2019-04-08 22:47:45,   111.32,   111.32,   111.32,   111.32,      1
   263, 2019-04-08 22:47:50,  111.322,  111.322,  111.322,  111.322,      1
   264, 2019-04-08 22:48:00,   111.32,   111.32,   111.32,   111.32,      1
   265, 2019-04-08 22:48:05,  111.318,  111.318,  111.318,  111.318,      1
   266, 2019-04-08 22:48:10,   111.32,   111.32,   111.32,   111.32,      1
   267, 2019-04-08 22:48:15,  111.317,  111.317,  111.317,  111.317,      1
   268, 2019-04-08 22:49:10,   111.32,   111.32,   111.32,   111.32,      1
   269, 2019-04-08 22:49:30,  111.318,  111.318,  111.318,  111.318,      1
   270, 2019-04-08 22:49:35,  111.309,  111.315,  111.315,  111.309,      3
   271, 2019-04-08 22:49:40,  111.312,  111.312,  111.312,  111.312,      1
   272, 2019-04-08 22:50:55,  111.309,  111.309,  111.309,  111.309,      1
   273, 2019-04-08 22:51:00,  111.309,  111.311,  111.311,  111.309,      2
   274, 2019-04-08 22:51:05,  111.316,  111.311,  111.316,  111.311,      3
   275, 2019-04-08 22:52:05,  111.314,  111.314,  111.314,  111.314,      1
   276, 2019-04-08 22:52:15,  111.316,  111.316,  111.316,  111.314,      3
   277, 2019-04-08 22:52:25,  111.314,  111.314,  111.314,  111.314,      1
   278, 2019-04-08 22:52:30,  111.316,  111.316,  111.316,  111.316,      1
   279, 2019-04-08 22:53:10,  111.314,  111.314,  111.314,  111.309,      5
   280, 2019-04-08 22:53:15,  111.316,  111.316,  111.316,  111.316,      1
   281, 2019-04-08 22:53:45,  111.309,  111.314,  111.314,  111.309,      3
   282, 2019-04-08 22:54:00,  111.303,  111.306,  111.306,  111.303,      2
   283, 2019-04-08 22:54:10,  111.294,    111.3,    111.3,  111.294,      8
   284, 2019-04-08 22:54:15,  111.291,  111.291,  111.291,  111.291,      1
   285, 2019-04-08 22:54:20,  111.293,  111.293,  111.293,  111.293,      1
   286, 2019-04-08 22:54:30,  111.286,   111.29,   111.29,  111.284,      5
   287, 2019-04-08 22:54:35,  111.288,  111.288,  111.288,  111.288,      1
   288, 2019-04-08 22:54:45,  111.291,  111.286,  111.291,  111.286,      3
   289, 2019-04-08 22:55:00,  111.291,  111.293,  111.293,  111.291,      2
   290, 2019-04-08 22:55:05,  111.286,  111.288,  111.288,  111.286,      2
   291, 2019-04-08 22:55:10,   111.29,  111.288,   111.29,  111.288,      2
   292, 2019-04-08 22:55:45,    111.3,  111.293,  111.303,  111.293,      6
   293, 2019-04-08 22:55:50,  111.302,  111.302,  111.302,  111.302,      1
   294, 2019-04-08 22:55:55,  111.302,  111.306,  111.306,  111.302,      2
   295, 2019-04-08 22:56:00,  111.298,    111.3,    111.3,  111.298,      2
   296, 2019-04-08 22:56:10,  111.296,  111.294,  111.296,  111.294,      2
   297, 2019-04-08 22:56:20,    111.3,    111.3,    111.3,    111.3,      1
   298, 2019-04-08 22:56:25,  111.297,  111.302,  111.302,  111.297,      3
   299, 2019-04-08 22:56:35,    111.3,  111.299,  111.302,  111.299,      3
   300, 2019-04-08 22:56:45,  111.304,  111.302,  111.304,  111.302,      2
   301, 2019-04-08 22:56:50,  111.304,  111.307,  111.307,  111.304,      2
   302, 2019-04-08 22:56:55,  111.304,  111.307,  111.307,  111.304,      2
   303, 2019-04-08 22:57:10,  111.306,  111.306,  111.306,  111.306,      1
   304, 2019-04-08 22:57:20,  111.304,  111.304,  111.304,  111.304,      1
   305, 2019-04-08 22:57:35,   111.31,  111.307,   111.31,  111.307,      2
   306, 2019-04-08 22:57:55,  111.304,  111.307,  111.307,  111.304,      2
   307, 2019-04-08 22:58:10,  111.306,  111.302,  111.308,  111.302,      4
   308, 2019-04-08 22:58:15,  111.303,  111.303,  111.303,  111.303,      1
   309, 2019-04-08 22:58:30,  111.306,  111.306,  111.306,  111.306,      1
   310, 2019-04-08 22:58:35,  111.306,  111.303,  111.306,  111.303,      2
   311, 2019-04-08 22:58:40,  111.308,  111.308,  111.308,  111.308,      1
   312, 2019-04-08 22:58:45,  111.308,   111.31,   111.31,  111.308,      2
   313, 2019-04-08 22:58:50,  111.308,   111.31,   111.31,  111.308,      2
   314, 2019-04-08 22:58:55,  111.306,  111.306,  111.306,  111.306,      1
   315, 2019-04-08 22:59:05,  111.308,  111.308,  111.308,  111.308,      1
   316, 2019-04-08 22:59:10,  111.306,  111.306,  111.306,  111.306,      1
   317, 2019-04-08 22:59:15,  111.305,  111.303,  111.305,  111.303,      2
   318, 2019-04-08 22:59:20,  111.302,  111.302,  111.302,  111.302,      1
   319, 2019-04-08 22:59:40,  111.308,  111.305,  111.308,  111.305,      2
   320, 2019-04-08 22:59:45,  111.306,  111.305,  111.306,  111.298,      7
   321, 2019-04-08 22:59:50,   111.31,  111.302,   111.31,  111.302,      4
   322, 2019-04-08 22:59:55,  111.312,  111.312,  111.314,  111.312,      5
   323, 2019-04-08 23:00:00,  111.324,  111.314,  111.324,  111.312,     11
   324, 2019-04-08 23:00:05,  111.329,  111.327,  111.329,  111.327,      2
   325, 2019-04-08 23:00:10,  111.332,  111.332,  111.332,  111.332,      1
   326, 2019-04-08 23:00:15,  111.334,  111.334,  111.336,  111.334,      3
   327, 2019-04-08 23:00:20,  111.327,  111.332,  111.332,  111.327,      3
   328, 2019-04-08 23:00:25,  111.332,   111.33,  111.332,   111.33,      2
   329, 2019-04-08 23:00:30,  111.332,   111.33,  111.332,   111.33,      2
   330, 2019-04-08 23:00:35,  111.339,  111.334,  111.339,  111.334,      3
   331, 2019-04-08 23:00:40,  111.332,  111.336,  111.336,  111.332,      5
   332, 2019-04-08 23:00:45,  111.332,   111.33,  111.332,   111.33,      2
   333, 2019-04-08 23:00:50,  111.337,  111.334,  111.342,  111.334,      6
   334, 2019-04-08 23:00:55,  111.336,  111.339,  111.342,  111.336,      4
   335, 2019-04-08 23:01:00,  111.336,  111.338,  111.338,  111.336,      2
   336, 2019-04-08 23:01:05,  111.338,  111.338,  111.338,  111.334,      5
   337, 2019-04-08 23:01:10,  111.338,   111.34,   111.34,  111.338,      2
   338, 2019-04-08 23:01:15,  111.335,  111.336,  111.336,  111.331,      5
   339, 2019-04-08 23:01:20,  111.338,  111.338,  111.338,  111.338,      1
   340, 2019-04-08 23:01:35,  111.333,  111.335,  111.335,  111.333,      2
   341, 2019-04-08 23:01:40,  111.336,  111.336,  111.336,  111.336,      1
   342, 2019-04-08 23:01:45,  111.344,  111.339,  111.344,  111.339,      3
   343, 2019-04-08 23:02:00,  111.339,  111.342,  111.342,  111.339,      2
   344, 2019-04-08 23:02:10,  111.339,  111.342,  111.342,  111.339,      2
   345, 2019-04-08 23:02:15,  111.336,  111.336,  111.336,  111.336,      1
   346, 2019-04-08 23:02:25,  111.336,   111.34,   111.34,  111.336,      2
   347, 2019-04-08 23:02:30,  111.334,  111.334,  111.334,  111.334,      1
   348, 2019-04-08 23:02:40,  111.336,  111.336,  111.336,  111.336,      1
   349, 2019-04-08 23:02:50,  111.342,   111.34,  111.342,   111.34,      2
   350, 2019-04-08 23:02:55,  111.352,  111.344,  111.352,  111.344,      4
   351, 2019-04-08 23:03:00,  111.342,   111.35,   111.35,  111.342,      4
   352, 2019-04-08 23:03:05,  111.344,  111.344,  111.344,  111.344,      1
   353, 2019-04-08 23:03:10,  111.354,  111.346,  111.354,  111.346,      4
   354, 2019-04-08 23:03:25,  111.353,  111.351,  111.353,  111.351,      2
   355, 2019-04-08 23:03:30,  111.351,  111.351,  111.351,  111.351,      1
   356, 2019-04-08 23:03:35,  111.351,  111.353,  111.353,  111.351,      2
   357, 2019-04-08 23:03:45,  111.348,  111.348,  111.348,  111.348,      1
   358, 2019-04-08 23:03:50,  111.344,  111.346,  111.346,  111.344,      2
   359, 2019-04-08 23:03:55,  111.342,  111.342,  111.342,  111.342,      1
   360, 2019-04-08 23:04:00,  111.348,  111.344,  111.348,  111.344,      3
   361, 2019-04-08 23:04:10,  111.351,  111.351,  111.354,  111.351,      3
   362, 2019-04-08 23:04:15,  111.354,  111.354,  111.354,  111.354,      1
   363, 2019-04-08 23:04:20,  111.356,   111.35,  111.356,   111.35,      3
   364, 2019-04-08 23:04:25,   111.35,  111.354,  111.354,   111.35,      2
   365, 2019-04-08 23:04:35,   111.36,  111.353,   111.36,  111.353,      4
   366, 2019-04-08 23:04:40,  111.356,  111.358,  111.358,  111.356,      2
   367, 2019-04-08 23:04:45,  111.358,  111.354,  111.358,  111.354,      3
   368, 2019-04-08 23:04:50,  111.356,  111.356,  111.356,  111.356,      1
   369, 2019-04-08 23:04:55,  111.354,  111.354,  111.354,  111.354,      1
   370, 2019-04-08 23:05:00,  111.356,  111.356,  111.356,  111.356,      1
   371, 2019-04-08 23:05:05,  111.356,  111.358,  111.358,  111.356,      2
   372, 2019-04-08 23:05:20,  111.348,  111.353,  111.353,  111.348,      3
   373, 2019-04-08 23:05:25,  111.353,   111.35,  111.353,   111.35,      2
   374, 2019-04-08 23:05:40,  111.361,  111.356,  111.361,  111.356,      3
   375, 2019-04-08 23:06:05,  111.366,  111.364,  111.366,  111.364,      2
   376, 2019-04-08 23:06:10,  111.372,  111.369,  111.372,  111.369,      2
   377, 2019-04-08 23:06:15,  111.369,  111.369,  111.369,  111.369,      1
   378, 2019-04-08 23:06:20,   111.37,  111.367,   111.37,  111.367,      2
   379, 2019-04-08 23:06:25,  111.372,  111.372,  111.372,  111.372,      1
   380, 2019-04-08 23:06:30,  111.367,   111.37,   111.37,  111.367,      2
   381, 2019-04-08 23:06:35,  111.369,  111.364,  111.369,  111.364,      3
   382, 2019-04-08 23:06:40,  111.372,  111.372,  111.372,  111.372,      1
   383, 2019-04-08 23:06:55,  111.366,  111.369,  111.369,  111.366,      2
   384, 2019-04-08 23:07:05,  111.362,  111.364,  111.364,  111.362,      2
   385, 2019-04-08 23:07:10,  111.366,  111.364,  111.366,  111.364,      2
   386, 2019-04-08 23:07:15,  111.366,  111.364,  111.366,  111.364,      2
   387, 2019-04-08 23:07:20,  111.364,  111.364,  111.364,  111.362,      3
   388, 2019-04-08 23:07:25,  111.366,  111.366,  111.366,  111.366,      1
   389, 2019-04-08 23:07:35,  111.372,  111.369,  111.372,  111.369,      2
   390, 2019-04-08 23:07:40,  111.378,  111.374,  111.378,  111.374,      3
   391, 2019-04-08 23:07:45,  111.382,  111.381,  111.386,  111.381,      5
   392, 2019-04-08 23:07:55,  111.382,   111.38,  111.382,   111.38,      2
   393, 2019-04-08 23:08:00,  111.384,   111.38,  111.384,   111.38,      3
   394, 2019-04-08 23:08:05,  111.382,  111.382,  111.382,  111.382,      1
   395, 2019-04-08 23:08:10,  111.383,  111.385,  111.385,  111.383,      2
   396, 2019-04-08 23:08:15,  111.376,   111.38,   111.38,  111.376,      3
   397, 2019-04-08 23:08:25,  111.376,  111.374,  111.376,  111.374,      2
   398, 2019-04-08 23:08:30,  111.378,  111.378,  111.378,  111.378,      1
   399, 2019-04-08 23:08:40,  111.382,  111.382,  111.382,  111.382,      1
   400, 2019-04-08 23:08:50,  111.376,  111.378,  111.378,  111.376,      2
   401, 2019-04-08 23:09:05,  111.376,  111.374,  111.376,  111.374,      4
   402, 2019-04-08 23:09:20,  111.379,  111.379,  111.379,  111.379,      1
   403, 2019-04-08 23:09:30,  111.377,  111.377,  111.377,  111.377,      1
   404, 2019-04-08 23:10:05,  111.371,  111.374,  111.374,  111.371,      2
   405, 2019-04-08 23:10:10,   111.37,  111.368,   111.37,  111.368,      2
   406, 2019-04-08 23:10:15,  111.368,  111.368,  111.368,  111.368,      1
   407, 2019-04-08 23:10:20,  111.358,  111.366,  111.366,  111.358,      4
   408, 2019-04-08 23:10:40,  111.361,  111.361,  111.361,  111.361,      1
   409, 2019-04-08 23:10:45,  111.364,  111.364,  111.364,  111.364,      1
   410, 2019-04-08 23:10:55,  111.361,  111.361,  111.364,  111.361,      3
   411, 2019-04-08 23:11:00,  111.356,  111.359,  111.359,  111.356,      2
   412, 2019-04-08 23:11:05,  111.354,  111.354,  111.354,  111.354,      1
   413, 2019-04-08 23:11:10,  111.357,  111.357,  111.357,  111.357,      1
   414, 2019-04-08 23:11:30,  111.352,  111.355,  111.355,  111.352,      2
   415, 2019-04-08 23:11:40,  111.357,  111.354,  111.357,  111.354,      2
   416, 2019-04-08 23:11:45,  111.352,  111.355,  111.355,  111.352,      2
   417, 2019-04-08 23:11:50,  111.357,  111.354,  111.357,  111.354,      2
   418, 2019-04-08 23:11:55,  111.357,  111.354,  111.357,  111.354,      2
   419, 2019-04-08 23:12:00,   111.36,   111.36,   111.36,   111.36,      1
   420, 2019-04-08 23:12:05,  111.352,  111.356,  111.356,  111.352,      3
   421, 2019-04-08 23:12:10,  111.357,  111.354,  111.357,  111.354,      2
   422, 2019-04-08 23:12:15,  111.352,  111.354,  111.354,  111.352,      2
   423, 2019-04-08 23:12:20,  111.358,  111.355,   111.36,  111.355,      4
   424, 2019-04-08 23:12:25,  111.359,  111.361,  111.361,  111.359,      2
   425, 2019-04-08 23:12:35,  111.364,  111.361,  111.364,  111.361,      2
   426, 2019-04-08 23:12:40,  111.366,  111.366,  111.366,  111.366,      1
   427, 2019-04-08 23:12:45,  111.361,  111.364,  111.364,  111.361,      2
   428, 2019-04-08 23:12:50,  111.363,  111.363,  111.363,  111.363,      1
   429, 2019-04-08 23:12:55,  111.366,  111.366,  111.366,  111.366,      1
   430, 2019-04-08 23:13:30,  111.363,  111.363,  111.363,  111.363,      1
   431, 2019-04-08 23:13:35,  111.366,  111.366,  111.366,  111.366,      1
   432, 2019-04-08 23:13:40,  111.363,  111.363,  111.363,  111.363,      1
   433, 2019-04-08 23:13:45,  111.366,   111.36,  111.366,   111.36,      3
   434, 2019-04-08 23:13:50,  111.363,  111.363,  111.363,  111.363,      1
   435, 2019-04-08 23:14:10,  111.368,  111.366,  111.368,  111.366,      2
   436, 2019-04-08 23:14:20,  111.366,  111.366,  111.366,  111.366,      1
   437, 2019-04-08 23:14:30,  111.364,  111.364,  111.364,  111.364,      1
   438, 2019-04-08 23:14:40,  111.361,  111.361,  111.361,  111.361,      1
   439, 2019-04-08 23:14:50,  111.356,  111.359,  111.359,  111.356,      2
   440, 2019-04-08 23:14:55,  111.354,  111.354,  111.354,  111.354,      1
   441, 2019-04-08 23:15:00,  111.357,  111.357,  111.357,  111.357,      1
   442, 2019-04-08 23:15:15,  111.362,  111.359,  111.362,  111.359,      2
   443, 2019-04-08 23:15:20,   111.36,   111.36,   111.36,   111.36,      1
   444, 2019-04-08 23:16:10,  111.354,  111.357,  111.357,  111.354,      2
   445, 2019-04-08 23:16:25,  111.358,  111.358,  111.358,  111.358,      1
   446, 2019-04-08 23:16:30,   111.36,   111.36,   111.36,   111.36,      1
   447, 2019-04-08 23:16:55,  111.368,  111.362,  111.368,  111.362,      3
   448, 2019-04-08 23:17:10,   111.37,   111.37,   111.37,   111.37,      1
   449, 2019-04-08 23:17:15,  111.372,  111.372,  111.372,  111.372,      1
   450, 2019-04-08 23:17:20,  111.378,  111.376,  111.378,  111.376,      2
   451, 2019-04-08 23:17:25,  111.381,  111.381,  111.381,  111.381,      1
   452, 2019-04-08 23:17:30,  111.392,  111.384,  111.392,  111.384,      4
   453, 2019-04-08 23:17:35,  111.392,   111.39,  111.392,   111.39,      2
   454, 2019-04-08 23:17:40,  111.392,  111.394,  111.397,  111.392,      4
   455, 2019-04-08 23:17:45,  111.392,  111.394,  111.394,  111.392,      2
   456, 2019-04-08 23:17:50,  111.394,  111.394,  111.396,  111.394,      3
   457, 2019-04-08 23:17:55,   111.39,  111.392,  111.392,   111.39,      2
   458, 2019-04-08 23:18:00,  111.387,  111.387,  111.387,  111.387,      1
   459, 2019-04-08 23:18:40,  111.387,  111.384,  111.387,  111.384,      2
   460, 2019-04-08 23:18:50,  111.392,   111.39,  111.392,   111.39,      2
   461, 2019-04-08 23:19:15,  111.392,   111.39,  111.392,   111.39,      2
   462, 2019-04-08 23:19:20,  111.402,  111.394,  111.402,  111.394,      4
   463, 2019-04-08 23:19:35,  111.405,  111.405,  111.405,  111.405,      1
   464, 2019-04-08 23:19:40,  111.402,  111.402,  111.402,  111.402,      1
   465, 2019-04-08 23:20:00,  111.402,  111.404,  111.404,  111.402,      2
   466, 2019-04-08 23:20:05,  111.404,  111.404,  111.404,  111.404,      1
   467, 2019-04-08 23:20:10,  111.404,  111.402,  111.404,  111.402,      2
   468, 2019-04-08 23:20:15,  111.406,  111.406,  111.406,  111.406,      1
   469, 2019-04-08 23:20:20,  111.404,  111.404,  111.404,  111.404,      1
   470, 2019-04-08 23:20:25,  111.404,  111.406,  111.409,  111.404,      4
   471, 2019-04-08 23:21:05,  111.407,  111.407,  111.407,  111.407,      1
   472, 2019-04-08 23:21:15,  111.402,  111.404,  111.404,  111.402,      2
   473, 2019-04-08 23:21:30,  111.399,  111.399,  111.399,  111.399,      1
   474, 2019-04-08 23:21:35,  111.399,  111.396,  111.399,  111.396,      2
   475, 2019-04-08 23:21:50,  111.401,  111.401,  111.401,  111.401,      1
   476, 2019-04-08 23:21:55,  111.399,  111.399,  111.399,  111.399,      1
   477, 2019-04-08 23:22:00,  111.396,  111.396,  111.396,  111.394,      3
   478, 2019-04-08 23:22:15,  111.394,  111.394,  111.394,  111.394,      1
   479, 2019-04-08 23:22:25,  111.389,  111.396,  111.396,  111.389,      4
   480, 2019-04-08 23:22:40,  111.384,  111.386,  111.386,  111.384,      2
   481, 2019-04-08 23:22:45,  111.386,  111.386,  111.386,  111.386,      1
   482, 2019-04-08 23:22:50,  111.384,  111.384,  111.384,  111.384,      1
   483, 2019-04-08 23:23:15,  111.386,  111.386,  111.386,  111.386,      1
   484, 2019-04-08 23:23:30,  111.384,  111.384,  111.384,  111.384,      1
   485, 2019-04-08 23:23:35,  111.378,  111.381,  111.381,  111.378,      2
   486, 2019-04-08 23:23:55,  111.374,  111.376,  111.376,  111.374,      2
   487, 2019-04-08 23:24:00,  111.376,  111.376,  111.376,  111.376,      1
   488, 2019-04-08 23:24:05,  111.378,  111.378,  111.378,  111.378,      1
   489, 2019-04-08 23:24:35,  111.376,  111.376,  111.376,  111.376,      1
   490, 2019-04-08 23:24:40,  111.376,  111.374,  111.376,  111.374,      2
   491, 2019-04-08 23:24:45,  111.376,  111.374,  111.376,  111.374,      2
   492, 2019-04-08 23:24:55,  111.374,  111.374,  111.374,  111.374,      1
   493, 2019-04-08 23:25:05,  111.379,  111.376,  111.379,  111.376,      2
   494, 2019-04-08 23:25:10,  111.382,  111.382,  111.382,  111.382,      1
   495, 2019-04-08 23:25:35,  111.377,   111.38,   111.38,  111.377,      2
   496, 2019-04-08 23:26:00,  111.382,  111.379,  111.382,  111.379,      2
   497, 2019-04-08 23:26:15,   111.38,   111.38,   111.38,   111.38,      1
   498, 2019-04-08 23:26:20,  111.378,  111.378,  111.378,  111.378,      1
   499, 2019-04-08 23:26:30,  111.375,  111.375,  111.375,  111.375,      1
   500, 2019-04-08 23:26:35,  111.375,  111.372,  111.375,  111.372,      2
   501, 2019-04-08 23:26:40,  111.378,  111.378,  111.378,  111.378,      1
   502, 2019-04-08 23:27:00,   111.38,   111.38,  111.382,   111.38,      3
   503, 2019-04-08 23:27:05,   111.38,  111.382,  111.384,   111.38,      4
   504, 2019-04-08 23:27:30,  111.384,  111.382,  111.384,  111.382,      2
   505, 2019-04-08 23:27:35,  111.387,  111.387,  111.387,  111.387,      1
   506, 2019-04-08 23:27:40,  111.384,  111.384,  111.384,  111.384,      1
   507, 2019-04-08 23:28:10,  111.388,  111.388,  111.388,  111.388,      1
   508, 2019-04-08 23:28:20,   111.39,   111.39,   111.39,   111.39,      1
   509, 2019-04-08 23:28:30,  111.393,  111.393,  111.393,  111.393,      1
   510, 2019-04-08 23:29:00,   111.39,   111.39,   111.39,   111.39,      1
   511, 2019-04-08 23:29:05,  111.386,  111.388,  111.388,  111.386,      2
   512, 2019-04-08 23:29:35,  111.388,  111.388,  111.388,  111.388,      1
   513, 2019-04-08 23:30:05,   111.38,  111.386,  111.386,   111.38,      3
   514, 2019-04-08 23:30:10,  111.383,  111.383,  111.383,  111.383,      1
   515, 2019-04-08 23:30:15,  111.385,  111.385,  111.385,  111.385,      1
   516, 2019-04-08 23:30:45,   111.38,  111.382,  111.382,   111.38,      2
   517, 2019-04-08 23:31:10,  111.385,  111.382,  111.385,  111.382,      2
   518, 2019-04-08 23:31:25,  111.383,  111.383,  111.383,  111.383,      1
   519, 2019-04-08 23:31:30,  111.385,  111.385,  111.385,  111.385,      1
   520, 2019-04-08 23:33:00,  111.383,  111.383,  111.383,   111.38,      3
   521, 2019-04-08 23:33:05,  111.383,  111.385,  111.385,  111.383,      2
   522, 2019-04-08 23:33:10,  111.386,  111.386,  111.386,  111.386,      1
   523, 2019-04-08 23:34:00,   111.38,  111.383,  111.383,   111.38,      2
   524, 2019-04-08 23:34:55,  111.372,  111.378,  111.378,  111.372,      3
   525, 2019-04-08 23:35:00,  111.378,  111.375,  111.378,  111.375,      2
   526, 2019-04-08 23:35:05,  111.382,   111.38,  111.382,   111.38,      2
   527, 2019-04-08 23:35:10,   111.38,  111.384,  111.384,   111.38,      3
   528, 2019-04-08 23:35:20,  111.378,  111.378,  111.378,  111.378,      1
   529, 2019-04-08 23:35:25,  111.374,  111.374,  111.374,  111.374,      1
   530, 2019-04-08 23:35:35,  111.377,  111.377,  111.377,  111.377,      1
   531, 2019-04-08 23:35:40,  111.379,  111.379,  111.379,  111.379,      1
   532, 2019-04-08 23:35:50,  111.376,  111.376,  111.376,  111.376,      1
   533, 2019-04-08 23:36:05,  111.378,  111.378,  111.378,  111.378,      1
   534, 2019-04-08 23:36:35,  111.382,  111.382,  111.382,  111.382,      1
   535, 2019-04-08 23:36:40,   111.38,   111.38,  111.382,   111.38,      3
   536, 2019-04-08 23:36:45,  111.384,  111.382,  111.384,  111.382,      2
   537, 2019-04-08 23:36:55,  111.387,  111.387,  111.387,  111.387,      1
   538, 2019-04-08 23:37:10,   111.38,  111.384,  111.384,   111.38,      3
   539, 2019-04-08 23:37:20,  111.384,  111.382,  111.384,  111.382,      2
   540, 2019-04-08 23:37:35,  111.392,  111.387,  111.392,  111.387,      3
   541, 2019-04-08 23:37:50,  111.386,  111.389,  111.389,  111.386,      2
   542, 2019-04-08 23:37:55,  111.391,  111.389,  111.391,  111.389,      2
   543, 2019-04-08 23:38:25,  111.386,  111.388,  111.388,  111.386,      2
   544, 2019-04-08 23:39:30,  111.381,  111.384,  111.384,   111.38,      4
   545, 2019-04-08 23:39:35,  111.378,  111.378,  111.378,  111.378,      1
   546, 2019-04-08 23:39:40,  111.374,  111.376,  111.376,  111.374,      2
   547, 2019-04-08 23:39:45,  111.368,  111.372,  111.372,  111.366,      4
   548, 2019-04-08 23:40:50,  111.365,  111.365,  111.365,  111.365,      1
   549, 2019-04-08 23:41:05,  111.366,  111.363,  111.366,  111.363,      2
   550, 2019-04-08 23:41:55,  111.362,  111.362,  111.362,  111.362,      1
   551, 2019-04-08 23:42:05,  111.366,  111.366,  111.366,  111.366,      1
   552, 2019-04-08 23:42:10,  111.368,  111.368,  111.368,  111.368,      1
   553, 2019-04-08 23:42:20,  111.365,   111.37,   111.37,  111.365,      3
   554, 2019-04-08 23:42:35,  111.362,  111.362,  111.362,  111.362,      1
   555, 2019-04-08 23:42:45,  111.364,  111.364,  111.364,  111.364,      1
   556, 2019-04-08 23:42:50,  111.366,  111.366,  111.366,  111.366,      1
   557, 2019-04-08 23:42:55,  111.372,   111.37,  111.372,   111.37,      2
   558, 2019-04-08 23:43:30,  111.374,  111.374,  111.374,  111.374,      1
   559, 2019-04-08 23:43:50,  111.382,  111.377,  111.382,  111.377,      3
   560, 2019-04-08 23:44:05,  111.374,  111.379,  111.379,  111.374,      3
   561, 2019-04-08 23:44:25,  111.371,  111.372,  111.372,  111.369,      3
   562, 2019-04-08 23:44:30,  111.374,  111.374,  111.374,  111.374,      1
   563, 2019-04-08 23:44:45,  111.374,  111.372,  111.374,  111.372,      2
   564, 2019-04-08 23:44:50,  111.373,  111.371,  111.373,  111.371,      2
   565, 2019-04-08 23:44:55,  111.373,  111.376,  111.378,  111.373,      4
   566, 2019-04-08 23:45:00,  111.368,   111.37,   111.37,  111.368,      2
   567, 2019-04-08 23:45:15,  111.372,   111.37,  111.372,   111.37,      2
   568, 2019-04-08 23:45:20,  111.375,  111.375,  111.375,  111.375,      1
   569, 2019-04-08 23:45:30,  111.372,  111.372,  111.372,  111.372,      1
   570, 2019-04-08 23:45:35,   111.37,   111.37,   111.37,   111.37,      1
   571, 2019-04-08 23:45:55,  111.368,  111.368,  111.368,  111.368,      1
   572, 2019-04-08 23:46:00,  111.363,  111.366,  111.366,  111.363,      2
   573, 2019-04-08 23:46:15,   111.36,   111.36,   111.36,   111.36,      1
   574, 2019-04-08 23:46:20,  111.363,  111.363,  111.363,  111.363,      1
   575, 2019-04-08 23:46:35,  111.361,  111.361,  111.361,  111.361,      1
   576, 2019-04-08 23:46:40,  111.366,  111.364,  111.366,  111.364,      2
   577, 2019-04-08 23:46:55,  111.364,  111.364,  111.364,  111.364,      1
   578, 2019-04-08 23:47:00,  111.366,  111.366,  111.366,  111.366,      1
   579, 2019-04-08 23:47:05,  111.366,  111.368,  111.368,  111.366,      2
   580, 2019-04-08 23:47:10,  111.366,  111.363,  111.366,  111.363,      2
   581, 2019-04-08 23:47:15,  111.368,  111.368,  111.368,  111.368,      1
   582, 2019-04-08 23:47:20,  111.366,  111.366,  111.368,  111.366,      3
   583, 2019-04-08 23:47:25,  111.368,  111.368,  111.368,  111.368,      1
   584, 2019-04-08 23:47:35,  111.363,  111.366,  111.366,  111.363,      2
   585, 2019-04-08 23:48:05,   111.36,   111.36,   111.36,   111.36,      1
   586, 2019-04-08 23:48:20,  111.368,  111.364,  111.368,  111.364,      3
   587, 2019-04-08 23:48:45,  111.368,  111.372,  111.374,  111.368,      4
   588, 2019-04-08 23:48:55,  111.369,  111.372,  111.372,  111.369,      2
   589, 2019-04-08 23:49:10,  111.374,  111.372,  111.374,  111.372,      2
   590, 2019-04-08 23:49:20,  111.376,  111.376,  111.376,  111.374,      3
   591, 2019-04-08 23:49:25,  111.376,  111.378,  111.378,  111.376,      2
   592, 2019-04-08 23:49:30,  111.374,  111.374,  111.374,  111.374,      1
   593, 2019-04-08 23:49:35,  111.389,  111.376,  111.389,  111.376,      6
   594, 2019-04-08 23:49:40,  111.388,  111.391,  111.391,  111.388,      2
   595, 2019-04-08 23:49:45,  111.388,   111.39,   111.39,  111.388,      2
   596, 2019-04-08 23:50:00,  111.393,   111.39,  111.393,   111.39,      2
   597, 2019-04-08 23:50:05,  111.398,  111.396,  111.398,  111.396,      2
   598, 2019-04-08 23:50:10,  111.394,  111.396,  111.396,  111.394,      2
   599, 2019-04-08 23:50:25,  111.398,  111.396,  111.398,  111.396,      2
   600, 2019-04-08 23:50:50,  111.404,  111.402,  111.404,  111.402,      2
   601, 2019-04-08 23:50:55,  111.402,  111.402,  111.402,  111.399,      3
   602, 2019-04-08 23:51:00,    111.4,    111.4,    111.4,    111.4,      1
   603, 2019-04-08 23:51:05,  111.399,  111.397,  111.399,  111.397,      2
   604, 2019-04-08 23:51:15,  111.394,  111.397,  111.397,  111.394,      2
   605, 2019-04-08 23:51:20,  111.384,  111.392,  111.392,  111.384,      6
   606, 2019-04-08 23:51:25,  111.383,  111.381,  111.383,  111.381,      2
   607, 2019-04-08 23:51:40,  111.388,  111.386,  111.388,  111.386,      2
   608, 2019-04-08 23:51:45,  111.393,   111.39,  111.393,   111.39,      2
   609, 2019-04-08 23:51:50,  111.388,   111.39,   111.39,  111.388,      2
   610, 2019-04-08 23:51:55,  111.386,  111.386,  111.386,  111.386,      1
   611, 2019-04-08 23:52:00,  111.386,  111.384,  111.386,  111.384,      2
   612, 2019-04-08 23:52:10,  111.384,  111.384,  111.384,  111.384,      1
   613, 2019-04-08 23:52:20,  111.384,  111.386,  111.386,  111.384,      2
   614, 2019-04-08 23:52:40,  111.386,  111.386,  111.386,  111.386,      1
   615, 2019-04-08 23:52:50,   111.39,  111.388,   111.39,  111.388,      2
   616, 2019-04-08 23:52:55,  111.386,  111.388,  111.388,  111.386,      2
   617, 2019-04-08 23:53:00,   111.38,  111.383,  111.383,   111.38,      2
   618, 2019-04-08 23:53:05,  111.386,  111.383,  111.386,  111.383,      2
   619, 2019-04-08 23:53:10,  111.383,  111.388,  111.388,  111.383,      3
   620, 2019-04-08 23:53:15,   111.39,  111.385,   111.39,  111.385,      3
   621, 2019-04-08 23:53:20,  111.392,  111.392,  111.392,  111.392,      1
   622, 2019-04-08 23:53:25,  111.392,   111.39,  111.392,   111.39,      2
   623, 2019-04-08 23:53:35,   111.39,   111.39,   111.39,   111.39,      1
   624, 2019-04-08 23:53:50,  111.392,  111.392,  111.392,  111.392,      1
   625, 2019-04-08 23:54:00,   111.39,   111.39,   111.39,   111.39,      1
   626, 2019-04-08 23:54:05,  111.388,  111.388,  111.388,  111.388,      1
   627, 2019-04-08 23:54:10,  111.384,  111.384,  111.384,  111.384,      1
   628, 2019-04-08 23:54:35,  111.382,  111.382,  111.382,  111.382,      1
   629, 2019-04-08 23:54:40,   111.38,   111.38,   111.38,   111.38,      1
   630, 2019-04-08 23:54:55,  111.368,  111.377,  111.377,  111.368,      4
   631, 2019-04-08 23:55:05,  111.369,  111.372,  111.372,  111.369,      2
   632, 2019-04-08 23:55:15,  111.366,  111.366,  111.366,  111.366,      1
   633, 2019-04-08 23:55:40,  111.373,  111.368,  111.373,  111.368,      3
   634, 2019-04-08 23:55:55,  111.368,  111.371,  111.371,  111.368,      2
   635, 2019-04-08 23:56:25,  111.366,  111.366,  111.366,  111.366,      1
   636, 2019-04-08 23:56:40,  111.374,  111.369,  111.374,  111.369,      3
   637, 2019-04-08 23:56:45,  111.372,  111.372,  111.372,  111.372,      1
   638, 2019-04-08 23:56:50,  111.366,   111.37,   111.37,  111.366,      2
   639, 2019-04-08 23:57:00,  111.374,  111.369,  111.374,  111.369,      3
   640, 2019-04-08 23:57:05,  111.377,  111.377,  111.377,  111.377,      1
   641, 2019-04-08 23:57:10,  111.374,  111.374,  111.374,  111.372,      3
   642, 2019-04-08 23:57:15,  111.368,  111.371,  111.371,  111.368,      2
   643, 2019-04-08 23:57:20,  111.369,  111.372,  111.372,  111.369,      2
   644, 2019-04-08 23:57:25,  111.367,  111.372,  111.372,  111.367,      3
   645, 2019-04-08 23:57:30,  111.372,   111.37,  111.372,   111.37,      2
   646, 2019-04-08 23:57:35,  111.376,  111.376,  111.376,  111.376,      1
   647, 2019-04-08 23:57:40,   111.38,  111.378,   111.38,  111.378,      2
   648, 2019-04-08 23:58:05,  111.383,  111.383,  111.383,  111.383,      1
   649, 2019-04-08 23:58:10,   111.38,   111.38,  111.382,   111.38,      3
   650, 2019-04-08 23:58:15,  111.375,  111.378,  111.378,  111.375,      2
   651, 2019-04-08 23:58:25,  111.368,  111.378,  111.378,  111.368,      5
   652, 2019-04-08 23:58:30,   111.37,   111.37,   111.37,   111.37,      1
   653, 2019-04-08 23:58:35,  111.373,  111.373,  111.373,  111.373,      1
   654, 2019-04-08 23:58:40,  111.368,   111.37,   111.37,  111.368,      2
   655, 2019-04-08 23:58:50,   111.37,   111.37,   111.37,   111.37,      1
   656, 2019-04-08 23:58:55,  111.373,  111.368,  111.373,  111.368,      3
   657, 2019-04-08 23:59:00,  111.376,  111.376,  111.376,  111.376,      1
   658, 2019-04-08 23:59:05,  111.378,  111.378,  111.378,  111.378,      1
   659, 2019-04-08 23:59:10,  111.383,  111.381,  111.383,  111.381,      2
   660, 2019-04-08 23:59:15,  111.388,  111.386,  111.388,  111.386,      2
   661, 2019-04-08 23:59:20,  111.399,  111.391,  111.399,  111.391,     10
   662, 2019-04-08 23:59:25,  111.408,  111.401,  111.408,  111.401,      4
   663, 2019-04-08 23:59:30,  111.418,   111.41,  111.418,  111.408,      6
   664, 2019-04-08 23:59:35,  111.418,   111.42,  111.421,  111.418,      6
   665, 2019-04-08 23:59:40,   111.42,  111.416,   111.42,  111.414,      5
   666, 2019-04-08 23:59:45,  111.418,  111.418,   111.42,  111.418,      5
   667, 2019-04-08 23:59:50,   111.42,  111.416,   111.42,  111.414,      5
   668, 2019-04-08 23:59:55,  111.418,  111.418,   111.42,  111.418,      3
   669, 2019-04-09 00:00:00,  111.413,  111.421,  111.421,  111.413,      4
   670, 2019-04-09 00:00:05,  111.424,  111.415,  111.424,  111.415,      6
   671, 2019-04-09 00:00:10,  111.424,  111.426,  111.426,  111.424,      2
   672, 2019-04-09 00:00:15,  111.436,  111.422,  111.436,  111.422,      7
   673, 2019-04-09 00:00:20,  111.438,  111.434,   111.44,  111.434,      6
   674, 2019-04-09 00:00:25,  111.442,   111.44,  111.442,   111.44,      4
   675, 2019-04-09 00:00:30,  111.448,  111.444,  111.448,  111.444,      4
   676, 2019-04-09 00:00:35,  111.442,  111.445,  111.445,  111.442,      2
   677, 2019-04-09 00:00:40,  111.447,  111.444,  111.447,  111.444,      2
   678, 2019-04-09 00:00:45,   111.45,   111.45,  111.452,   111.45,      3
   679, 2019-04-09 00:00:50,  111.448,  111.447,   111.45,  111.447,      3
   680, 2019-04-09 00:00:55,  111.442,  111.444,  111.444,   111.44,      4
   681, 2019-04-09 00:01:00,   111.44,   111.44,  111.442,   111.44,      3
   682, 2019-04-09 00:01:05,  111.442,  111.442,  111.445,  111.442,      3
   683, 2019-04-09 00:01:10,  111.444,  111.444,  111.448,  111.437,     16
   684, 2019-04-09 00:01:15,   111.45,  111.442,   111.45,  111.442,      7
   685, 2019-04-09 00:01:20,  111.448,  111.448,  111.454,  111.448,      5
   686, 2019-04-09 00:01:25,   111.44,  111.445,  111.445,   111.44,      3
   687, 2019-04-09 00:01:35,   111.43,  111.438,  111.438,   111.43,      4
   688, 2019-04-09 00:01:40,   111.43,  111.428,  111.432,  111.428,      4
   689, 2019-04-09 00:01:45,  111.433,  111.433,  111.436,  111.433,      3
   690, 2019-04-09 00:01:50,  111.435,  111.435,  111.435,  111.435,      1
   691, 2019-04-09 00:01:55,   111.45,  111.438,   111.45,  111.438,      6
   692, 2019-04-09 00:02:00,   111.45,  111.452,  111.452,   111.45,      2
   693, 2019-04-09 00:02:05,  111.455,  111.448,  111.455,  111.448,      4
   694, 2019-04-09 00:02:10,   111.46,  111.458,   111.46,  111.455,      4
   695, 2019-04-09 00:02:15,  111.458,  111.458,  111.462,  111.458,      7
   696, 2019-04-09 00:02:20,  111.468,   111.46,   111.47,   111.46,      6
   697, 2019-04-09 00:02:25,  111.468,  111.466,  111.468,  111.458,      8
   698, 2019-04-09 00:02:30,  111.471,  111.471,  111.471,  111.471,      1
   699, 2019-04-09 00:02:45,  111.472,  111.474,  111.474,  111.472,      2
   700, 2019-04-09 00:02:55,  111.476,  111.474,  111.476,  111.474,      2
   701, 2019-04-09 00:03:00,  111.478,  111.478,  111.486,  111.478,      7
   702, 2019-04-09 00:03:05,   111.48,   111.48,   111.48,   111.48,      1
   703, 2019-04-09 00:03:10,  111.481,  111.483,  111.483,  111.478,      4
   704, 2019-04-09 00:03:15,  111.484,  111.483,  111.486,  111.483,      3
   705, 2019-04-09 00:03:25,  111.481,   111.48,  111.483,   111.48,      3
   706, 2019-04-09 00:03:30,   111.48,  111.483,  111.486,   111.48,      4
   707, 2019-04-09 00:03:35,  111.484,  111.484,  111.484,  111.484,      1
   708, 2019-04-09 00:03:40,  111.488,  111.486,  111.488,  111.486,      2
   709, 2019-04-09 00:03:45,  111.496,  111.491,  111.496,  111.491,      3
   710, 2019-04-09 00:03:50,  111.504,  111.498,  111.504,  111.498,      3
   711, 2019-04-09 00:03:55,  111.504,  111.506,  111.506,  111.504,      2
   712, 2019-04-09 00:04:00,  111.501,  111.501,  111.501,  111.501,      1
   713, 2019-04-09 00:04:05,  111.508,  111.504,  111.508,  111.504,      3
   714, 2019-04-09 00:04:10,  111.514,   111.51,  111.514,   111.51,      2
   715, 2019-04-09 00:04:15,  111.518,  111.516,  111.526,  111.516,      8
   716, 2019-04-09 00:04:20,  111.518,   111.52,  111.525,  111.518,      6
   717, 2019-04-09 00:04:25,  111.512,  111.515,  111.515,  111.512,      2
   718, 2019-04-09 00:04:30,  111.515,  111.515,  111.515,  111.515,      1
   719, 2019-04-09 00:04:50,   111.52,  111.518,   111.52,  111.518,      2
   720, 2019-04-09 00:04:55,  111.518,  111.518,  111.518,  111.518,      1
   721, 2019-04-09 00:05:00,  111.514,  111.516,  111.516,  111.514,      2
   722, 2019-04-09 00:05:05,  111.516,  111.516,  111.516,  111.516,      1
   723, 2019-04-09 00:05:10,  111.514,  111.514,  111.514,  111.514,      1
   724, 2019-04-09 00:05:15,  111.506,  111.511,  111.511,  111.506,      3
   725, 2019-04-09 00:05:25,  111.513,  111.508,  111.513,  111.508,      3
   726, 2019-04-09 00:05:30,  111.514,  111.516,  111.516,  111.514,      2
   727, 2019-04-09 00:05:35,  111.506,  111.511,  111.511,  111.506,      3
   728, 2019-04-09 00:05:50,  111.506,  111.503,  111.506,  111.503,      2
   729, 2019-04-09 00:06:10,  111.513,  111.508,  111.513,  111.508,      3
   730, 2019-04-09 00:06:25,  111.511,  111.511,  111.511,  111.511,      1
   731, 2019-04-09 00:06:30,  111.508,  111.508,  111.508,  111.508,      1
   732, 2019-04-09 00:06:35,  111.507,  111.505,  111.507,  111.505,      2
